{"Path":"【官方正品】MAC魅可全色号子弹头口红唇膏大牌女 小辣椒正红色/0008d30ca80fbf1862b8c0303132dfa8.jpg","PhotosTags":[],"LastEditBy":"yinyue200@outlook.com","TagCropResults":[{"Tag":"口红本体","CropResult":{"x":782.9035519848181,"y":1086.5053089394282,"width":826.4714494875544,"height":863.5783308931182,"rotate":45.0,"scaleX":1.0,"scaleY":1.0}}]}